id;image;image_content_type;thumb_image;thumb_image_content_type;alt;title
1;../fake-data/blob/hipster.png;image/png;../fake-data/blob/hipster.png;image/png;hack Berkshire SSL;Forint Engineer Handmade Concrete Tuna
2;../fake-data/blob/hipster.png;image/png;../fake-data/blob/hipster.png;image/png;Soft International Dong;cross-platform overriding
3;../fake-data/blob/hipster.png;image/png;../fake-data/blob/hipster.png;image/png;Skyway empowering AGP;Fantastic Concrete Salad
4;../fake-data/blob/hipster.png;image/png;../fake-data/blob/hipster.png;image/png;deposit;Louisiana holistic
5;../fake-data/blob/hipster.png;image/png;../fake-data/blob/hipster.png;image/png;driver deposit redundant;Tajikistan
6;../fake-data/blob/hipster.png;image/png;../fake-data/blob/hipster.png;image/png;Clothing Brazil JBOD;Savings Account haptic
7;../fake-data/blob/hipster.png;image/png;../fake-data/blob/hipster.png;image/png;Avon Re-engineered ubiquitous;Auto Loan Account distributed
8;../fake-data/blob/hipster.png;image/png;../fake-data/blob/hipster.png;image/png;intermediate bifurcated;interface Human
9;../fake-data/blob/hipster.png;image/png;../fake-data/blob/hipster.png;image/png;Progressive;granular
10;../fake-data/blob/hipster.png;image/png;../fake-data/blob/hipster.png;image/png;Business-focused;Rhode Island Ergonomic Granite Soap Tuna
